bookKey,authorsKey
OL28368423M,OL29129A
OL7343535M,OL29129A
OL23643764M,OL384406A
OL10334385M,OL2736971A
OL4759543M,OL769057A
OL9294338M,OL299888A
OL9294338M,OL446054A
OL9294338M,OL23589A
OL23928909M,OL2802858A
OL15060372M,OL4776997A
OL8666270M,OL2961318A
OL27815996M,OL7795758A
OL10278664M,OL273593A
OL10335184M,OL2736971A
OL54562M,OL35901A
OL2401485M,OL359271A
OL11896820M,OL2789045A
OL11896820M,OL2789044A
OL11896820M,OL3012846A
OL7761952M,OL2638560A
OL4410040M,OL1458725A
OL10334446M,OL2736971A
OL9940289M,OL2626876A
OL10279241M,OL273593A
OL783799M,OL32964A
OL9480398M,OL1958952A
OL7343503M,OL29129A
OL9584673M,OL26640A
OL7613381M,OL273593A
OL10314061M,OL359271A
OL10490018M,OL841125A
OL8929838M,OL3140131A
OL23223700M,OL403919A
OL4769743M,OL1077811A
OL4567548M,OL1808732A
OL10302994M,OL359271A
OL1737823M,OL299888A
OL10151487M,OL2678537A
OL2413060M,OL403919A
OL10279906M,OL273593A
OL7294994M,OL1004726A
OL7294994M,OL2008395A
OL7294994M,OL2633925A
OL7645861M,OL3175986A
OL7645861M,OL1737950A
OL10334856M,OL359271A
OL10474415M,OL26640A
OL12387433M,OL141681A
OL22947395M,OL621936A
OL21178433M,OL35793A
OL10151478M,OL2678537A
OL3692244M,OL1518186A
OL11742512M,OL22105A
OL23936437M,OL6762946A
OL7257345M,OL2622450A
OL9797833M,OL3244230A
OL7615780M,OL359271A
OL7615780M,OL769057A
OL7615780M,OL1295578A
OL10304694M,OL2736971A
OL22522009M,OL4501326A
OL26454785M,OL28648A
OL10075053M,OL223564A
OL10296371M,OL387378A
OL27162866M,OL3864439A
OL10072795M,OL33811A
OL10311229M,OL273593A
OL10311229M,OL202060A
OL7834703M,OL2789045A
OL7834703M,OL2789044A
OL21750750M,OL4818100A
OL607984M,OL359271A
OL10523882M,OL2789044A
OL10523882M,OL2789045A
OL7401880M,OL22105A
OL7617934M,OL387378A
OL7288521M,OL2623969A
OL3951141M,OL403919A
OL9477119M,OL621936A
OL7650938M,OL35046A
OL7650938M,OL319965A
OL27677002M,OL29129A
OL21284175M,OL20872A
OL7341595M,OL223564A
OL10532306M,OL2639467A
OL10072801M,OL33811A
OL10532857M,OL2639467A
OL7939233M,OL1958952A
OL7934693M,OL231611A
OL10151489M,OL2678537A
OL7406290M,OL35793A
OL9964984M,OL224615A
OL1567123M,OL530933A
OL11209407M,OL34221A
OL10333395M,OL359271A
OL5381371M,OL1240796A
OL10085233M,OL29129A
OL10161986M,OL3384084A
OL10161986M,OL2068281A
OL10072811M,OL33811A
OL7331378M,OL29129A
OL675555M,OL273593A
OL2856060M,OL1236117A
OL9293215M,OL29129A
OL8735837M,OL2789045A
OL13299524M,OL2626369A
OL9940750M,OL3350762A
OL18893461M,OL841474A
OL8165385M,OL2881652A
OL10072820M,OL33811A
OL13229843M,OL2789044A
OL13229843M,OL2789045A
OL7337003M,OL2652003A
OL10078033M,OL231611A
OL8610267M,OL456763A
OL11047046M,OL2779256A
OL7296983M,OL20872A
OL5706616M,OL118843A
OL9317259M,OL2736971A
OL10078056M,OL29129A
OL5697663M,OL359271A
OL9665075M,OL587319A
OL8538494M,OL135574A
OL4136017M,OL1301710A
OL11088992M,OL3542573A
OL7331379M,OL29129A
OL21391352M,OL514771A
OL15069587M,OL135574A
OL10151457M,OL2678537A
OL3696518M,OL35046A
OL10304345M,OL2736971A
OL8012585M,OL1507136A
OL13229842M,OL2789044A
OL13229842M,OL2789045A
OL9743000M,OL3244230A
OL7615095M,OL2737985A
OL7615095M,OL2737986A
OL7615095M,OL2737987A
OL6778227M,OL1393178A
OL3791138M,OL2789045A
OL22521999M,OL4501326A
OL7562170M,OL2724564A
OL7342980M,OL29129A
OL3030175M,OL35046A
OL7731537M,OL3175986A
OL10299974M,OL528086A
OL25246712M,OL6643534A
OL9939825M,OL35046A
OL27400879M,OL7524316A
OL7589293M,OL34221A
OL8060303M,OL1808732A
OL7271395M,OL35046A
OL7271395M,OL592498A
OL10294424M,OL359271A
OL28436647M,OL4967946A
OL7271270M,OL35046A
OL10523877M,OL2789045A
OL10523877M,OL2789044A
OL8731126M,OL593667A
OL7785392M,OL395292A
OL7785392M,OL28805A
OL24254493M,OL2730346A
OL5410238M,OL135574A
OL12439252M,OL22105A
OL9940394M,OL405969A
OL10278661M,OL2738992A
OL10335079M,OL2736971A
OL10095142M,OL223564A
OL8127281M,OL2789045A
OL9939230M,OL35046A
OL8667192M,OL411267A
OL10279240M,OL273593A
OL8402826M,OL135574A
OL9965569M,OL224615A
OL27416648M,OL3086320A
OL11896901M,OL2789045A
OL9958331M,OL1004726A
OL3412654M,OL32964A
OL11522212M,OL3543116A
OL9854680M,OL273593A
OL9854680M,OL202060A
OL23153930M,OL273593A
OL7834699M,OL2789045A
OL7834699M,OL2789044A
OL12211456M,OL3244230A
OL27332196M,OL7633830A
OL10072802M,OL33811A
OL3179243M,OL1076291A
OL7618767M,OL359271A
OL7618767M,OL769057A
OL7618767M,OL657906A
OL1431627M,OL26640A
OL11432716M,OL2881611A
OL7860347M,OL2639467A
OL22543171M,OL1432245A
OL12246378M,OL3854861A
OL8875049M,OL1820519A
OL8875049M,OL4452479A
OL8875049M,OL912170A
OL8875049M,OL1001573A
OL8875049M,OL22555A
OL8875049M,OL2658516A
OL8875049M,OL245433A
OL2383872M,OL711667A
OL13117075M,OL231611A
OL10297211M,OL359271A
OL10297211M,OL769057A
OL27657416M,OL7745520A
OL10306719M,OL359271A
OL10072806M,OL33811A
OL9958845M,OL2634154A
OL9958845M,OL2621744A
OL9563303M,OL2625832A
OL7343533M,OL115823A
OL17399508M,OL233308A
OL9497269M,OL411267A
OL9575465M,OL2789045A
OL9575465M,OL2789044A
OL7407034M,OL231611A
OL7272929M,OL35046A
OL27361719M,OL7348056A
OL27361719M,OL7644467A
OL7272816M,OL1859904A
OL10621370M,OL48302A
OL10311807M,OL359271A
OL16726847M,OL1761708A
OL1190763M,OL621936A
OL8617706M,OL958893A
OL472692M,OL194922A
OL3506573M,OL841125A
OL7874458M,OL537569A
OL49261M,OL32349A
OL3505510M,OL530933A
OL1567543M,OL405969A
OL11896784M,OL2789045A
OL11896784M,OL2789044A
OL10082987M,OL2652003A
OL11525318M,OL3543116A
OL8165086M,OL2143359A
OL1007751M,OL231611A
OL8012586M,OL1507136A
OL1436648M,OL228384A
OL10335680M,OL2738992A
OL8860240M,OL2872073A
OL7258556M,OL530933A
OL17481556M,OL747749A
OL10074513M,OL29129A
OL25180623M,OL26377A
OL10681963M,OL23364A
OL10158024M,OL587866A
OL7619536M,OL359271A
OL3972171M,OL359271A
OL3480616M,OL20872A
OL8905032M,OL135574A
OL7835797M,OL2789045A
OL7835797M,OL2789044A
OL9331934M,OL874365A
OL9331934M,OL528086A
OL2541318M,OL359271A
OL10085232M,OL29129A
OL10151465M,OL2678537A
OL10072814M,OL33811A
OL9939168M,OL35046A
OL9250567M,OL194922A
OL2217871M,OL35046A
OL5289010M,OL119156A
OL27814018M,OL7795130A
OL27814018M,OL7795131A
OL10151459M,OL2678537A
OL10279292M,OL273593A
OL16651548M,OL621936A
OL14945091M,OL23364A
OL7336210M,OL2652734A
OL7336210M,OL446054A
OL7336210M,OL2649898A
OL5052023M,OL874365A
OL10335526M,OL2736971A
OL9860652M,OL26640A
OL23675307M,OL218986A
OL23159821M,OL6856645A
OL10151469M,OL2678537A
OL10279276M,OL273593A
OL9763703M,OL19716A
OL7308046M,OL194922A
OL21571197M,OL35046A
OL4535458M,OL769057A
OL2050226M,OL273593A
OL15155258M,OL419256A
OL10073789M,OL2659450A
OL7410127M,OL1236117A
OL7617094M,OL359271A
OL7617094M,OL769057A
OL7617094M,OL1295578A
OL7339685M,OL299888A
OL7339685M,OL446054A
OL7339685M,OL23589A
OL7271292M,OL405969A
OL7271292M,OL1457496A
OL7271292M,OL2626877A
OL7271292M,OL2627365A
OL9708951M,OL1820519A
OL9708951M,OL245433A
OL9708951M,OL2658516A
OL9708951M,OL22555A
OL9708951M,OL1001573A
OL9708951M,OL912170A
OL9708951M,OL4452479A
OL10279385M,OL2738992A
OL7616686M,OL359271A
OL7616686M,OL769057A
OL7616686M,OL657906A
OL22852765M,OL2789045A
OL10072796M,OL33811A
OL7619795M,OL387378A
OL3313381M,OL395292A
OL8735813M,OL2789045A
OL22783399M,OL359271A
OL14887709M,OL2628508A
OL9287240M,OL29129A
OL10151458M,OL2678537A
OL13592609M,OL231611A
OL10525931M,OL2789045A
OL28328667M,OL1603092A
OL28328667M,OL8002360A
OL28328667M,OL3328728A
OL10072800M,OL33811A
OL3575103M,OL35046A
OL968342M,OL528086A
OL22930875M,OL25184A
OL2040774M,OL359271A
OL2209188M,OL223564A
OL2541616M,OL580669A
OL27542374M,OL3098144A
OL12300693M,OL3100061A
OL7343505M,OL223564A
OL10335646M,OL2738992A
OL9657832M,OL387378A
OL11046953M,OL2779256A
OL9300064M,OL223564A
OL3026635M,OL228384A
OL18430342M,OL2004220A
OL822868M,OL403919A
OL24815792M,OL5155119A
OL24461362M,OL5019005A
OL16986964M,OL1429534A
OL25555140M,OL7208141A
OL2859101M,OL231611A
OL11046952M,OL2779256A
OL3953419M,OL228384A
OL24278562M,OL6201322A
OL25085131M,OL7031505A
OL8925285M,OL2812708A
OL10279229M,OL359271A
OL8609946M,OL530933A
OL10072798M,OL33811A
OL30691M,OL2628508A
OL22243456M,OL273593A
OL7615318M,OL359271A
OL7615318M,OL769057A
OL7615318M,OL1295578A
OL2207184M,OL228384A
OL7619071M,OL359271A
OL7619071M,OL769057A
OL7619071M,OL1295578A
OL4422688M,OL1761708A
OL33160M,OL20872A
OL23155620M,OL273593A
OL8156868M,OL841474A
OL8735814M,OL2789045A
OL7617095M,OL359271A
OL7617095M,OL769057A
OL7617095M,OL1295578A
OL9851963M,OL580684A
OL7613382M,OL273593A
OL18140275M,OL621936A
OL10072807M,OL33811A
OL10151480M,OL2678537A
OL9439553M,OL34221A
OL28209129M,OL7244490A
OL10461465M,OL24300A
OL7784435M,OL26640A
OL691431M,OL398751A
OL27083094M,OL7577754A
OL7595312M,OL2730346A
OL7595312M,OL2292248A
OL7823245M,OL530933A
OL7455100M,OL587866A
OL27434793M,OL245713A
OL4479257M,OL580684A
OL9940647M,OL35046A
OL7581143M,OL1521655A
OL7581143M,OL2726934A
OL7581143M,OL2726848A
OL10279294M,OL273593A
OL20183728M,OL35901A
OL7784687M,OL395292A
OL7784687M,OL28805A
OL10278927M,OL2736971A
OL22157337M,OL32964A
OL10278962M,OL273593A
OL4569178M,OL580669A
OL10147453M,OL3378631A
OL27149108M,OL411267A
OL10334098M,OL2736971A
OL1720002M,OL299888A
OL4269175M,OL228384A
OL10151472M,OL2678537A
OL10151467M,OL2678537A
OL8165381M,OL2881652A
OL7784624M,OL26640A
OL10147450M,OL3378631A
OL10147450M,OL536701A
OL10147450M,OL3378633A
OL7328821M,OL33811A
OL7331576M,OL223564A
OL7331576M,OL2650026A
OL10072817M,OL33811A
OL25545529M,OL35901A
OL7784327M,OL26640A
OL7462401M,OL530933A
OL9745100M,OL3244230A
OL24434072M,OL1388137A
OL10334881M,OL387378A
OL10074583M,OL223564A
OL12117109M,OL3060272A
OL4583387M,OL1761708A
OL2726636M,OL223564A
OL7816070M,OL713081A
OL10477887M,OL231611A
OL7860298M,OL2639467A
OL3945636M,OL224615A
OL8735818M,OL2789045A
OL9250568M,OL194922A
OL8683709M,OL1077811A
OL1728528M,OL359271A
OL10335605M,OL2738992A
OL8188775M,OL711667A
OL8188775M,OL1366025A
OL7270855M,OL2627114A
OL53340M,OL35046A
OL22522032M,OL4501326A
OL7761945M,OL2770744A
OL7761945M,OL386514A
OL8350692M,OL2724564A
OL9727308M,OL3277400A
OL23608180M,OL6691858A
OL11432714M,OL2881611A
OL10312116M,OL359271A
OL8697523M,OL530933A
OL10335239M,OL2738992A
OL5461282M,OL747749A
OL22334475M,OL32964A
OL9662183M,OL387378A
OL3559507M,OL20872A
OL11911861M,OL2632253A
OL8106604M,OL537569A
OL5196703M,OL2004220A
OL10279106M,OL387378A
OL9244777M,OL2632253A
OL8735836M,OL2789045A
OL22627827M,OL35793A
OL7334817M,OL2652035A
OL22828463M,OL299888A
OL12224664M,OL2736377A
OL7784401M,OL26640A
OL21934632M,OL35046A
OL9319200M,OL1958952A
OL1535227M,OL528086A
OL8848773M,OL3116228A
OL11047047M,OL2779256A
OL27083847M,OL7577965A
OL9332681M,OL395292A
OL5258803M,OL48302A
OL1269323M,OL236751A
OL10074427M,OL29129A
OL8963300M,OL135574A
OL7261092M,OL2622450A
OL28328763M,OL8002374A
OL28328763M,OL2650026A
OL21510880M,OL22105A
OL10072819M,OL33811A
OL11176445M,OL2789045A
OL8273881M,OL2834587A
OL9938312M,OL2626876A
OL1273325M,OL442644A
OL7343538M,OL299888A
OL7343538M,OL446054A
OL7343538M,OL23589A
OL22839866M,OL228384A
OL7613879M,OL387378A
OL1717489M,OL20872A
OL9770542M,OL3323081A
OL9770542M,OL1820519A
OL9770542M,OL4452479A
OL9770542M,OL912170A
OL9770542M,OL1001573A
OL9770542M,OL22555A
OL9770542M,OL2658516A
OL9770542M,OL245433A
OL10076094M,OL29129A
OL13229832M,OL2789045A
OL13229832M,OL2789044A
OL17190405M,OL1974769A
OL9663745M,OL2631808A
OL27211040M,OL7608594A
OL9548374M,OL2632253A
OL7834702M,OL2789045A
OL7834702M,OL2789044A
OL10082633M,OL231611A
OL7276991M,OL2629422A
OL7276991M,OL2621744A
OL11184897M,OL403919A
OL15994649M,OL4926132A
OL10092222M,OL223564A
OL7343485M,OL299888A
OL7343485M,OL446054A
OL7343485M,OL23589A
OL8841934M,OL22105A
OL8841934M,OL1124650A
OL1549555M,OL395292A
OL10279295M,OL273593A
OL10278662M,OL273593A
OL22416881M,OL228384A
OL11046949M,OL2779256A
OL7336211M,OL2652734A
OL7336211M,OL446054A
OL7336211M,OL2649898A
OL7343531M,OL587319A
OL10072803M,OL33811A
OL22824193M,OL228384A
OL7303345M,OL194922A
OL7581207M,OL411267A
OL9772497M,OL194188A
OL10151460M,OL2678537A
OL9214473M,OL530933A
OL10624264M,OL48302A
OL2856055M,OL1236117A
OL9942677M,OL35046A
OL11479087M,OL2632253A
OL4542542M,OL20872A
OL5426493M,OL1009536A
OL9222782M,OL2625832A
OL10334884M,OL387378A
OL10151476M,OL2678537A
OL7271147M,OL19716A
OL1153848M,OL22105A
OL20119887M,OL2789045A
OL10525802M,OL2789045A
OL10525802M,OL2789044A
OL7272930M,OL19716A
OL13229836M,OL2789044A
OL13229836M,OL2789045A
OL11090363M,OL3543116A
OL11047045M,OL2779256A
OL22303324M,OL35793A
OL10151497M,OL2678537A
OL10335715M,OL2738992A
OL1440466M,OL403919A
OL25539930M,OL1724571A
OL7617016M,OL2738992A
OL8666235M,OL2961318A
OL10151463M,OL2678537A
OL17403808M,OL2633750A
OL8735825M,OL2789045A
OL22456713M,OL1009536A
OL3785675M,OL25184A
OL3382413M,OL359271A
OL10279300M,OL359271A
OL7617097M,OL359271A
OL7617097M,OL769057A
OL7617097M,OL1295578A
OL8735812M,OL2789045A
OL10474333M,OL26640A
OL7784763M,OL2626877A
OL7784763M,OL2749343A
OL10072804M,OL33811A
OL20848655M,OL841125A
OL10473263M,OL26640A
OL5198275M,OL1009536A
OL8731210M,OL2872073A
OL22657747M,OL224615A
OL10330080M,OL273593A
OL4102640M,OL359271A
OL7615400M,OL769057A
OL7615400M,OL359271A
OL2541295M,OL359271A
OL8243229M,OL48302A
OL9614145M,OL2678537A
OL15054240M,OL1076291A
OL40910M,OL26640A
OL28248329M,OL7976671A
OL7270990M,OL405969A
OL7270990M,OL1457496A
OL2548357M,OL35046A
OL3399744M,OL231611A
OL5729554M,OL22105A
OL10345494M,OL35046A
OL10345494M,OL592498A
OL10345494M,OL2749487A
OL17394204M,OL233308A
OL10158178M,OL3383111A
OL9631422M,OL273593A
OL9631422M,OL202060A
OL4561169M,OL1077811A
OL2760947M,OL419256A
OL28487692M,OL5533053A
OL28487692M,OL3348030A
OL10151455M,OL2678537A
OL10082632M,OL231611A
OL9768806M,OL231611A
OL10532129M,OL2639467A
OL10474344M,OL26640A
OL9455284M,OL3244230A
OL9728705M,OL1820519A
OL9728705M,OL4452479A
OL9728705M,OL912170A
OL9728705M,OL1001573A
OL9728705M,OL22555A
OL9728705M,OL2658516A
OL9728705M,OL245433A
OL10460761M,OL3437730A
OL27720244M,OL7663140A
OL8279087M,OL1536806A
OL9939233M,OL35046A
OL7479693M,OL514771A
OL7358874M,OL2628508A
OL8165383M,OL2881652A
OL11046951M,OL2779256A
OL22820456M,OL1393178A
OL10279011M,OL2738992A
OL10147485M,OL1009536A
OL10147485M,OL536701A
OL10147485M,OL32964A
OL11645289M,OL135574A
OL15370449M,OL34221A
OL3491167M,OL1076291A
OL5057216M,OL194188A
OL9846197M,OL2652003A
OL22624208M,OL1761708A
OL9360448M,OL3244230A
OL10080189M,OL29129A
OL9633900M,OL2143359A
OL10072825M,OL33811A
OL10151471M,OL2678537A
OL7784441M,OL26640A
OL8449366M,OL2466606A
OL8383278M,OL451674A
OL27970900M,OL532539A
OL2222226M,OL2789045A
OL7613727M,OL359271A
OL7613727M,OL769057A
OL7613727M,OL1295578A
OL11656845M,OL33888A
OL10304678M,OL2736971A
OL10092339M,OL29129A
OL7784211M,OL26640A
OL10279062M,OL273593A
OL10311806M,OL359271A
OL10334532M,OL2736971A
OL3789548M,OL403919A
OL22187863M,OL29129A
OL13229841M,OL2789044A
OL13229841M,OL2789045A
OL8164673M,OL1916286A
OL15052747M,OL528086A
OL9222778M,OL2625832A
OL7615102M,OL359271A
OL7615102M,OL769057A
OL7615102M,OL657906A
OL1895454M,OL403919A
OL11046950M,OL2779256A
OL9588469M,OL2625832A
OL28315361M,OL532539A
OL3042255M,OL1301710A
OL10336034M,OL359271A
OL8165251M,OL2626369A
OL1895452M,OL224615A
OL7612061M,OL359271A
OL7612061M,OL769057A
OL7612061M,OL1295578A
OL7834687M,OL2789044A
OL7834687M,OL2789045A
OL7303342M,OL194922A
OL8108440M,OL537569A
OL9286024M,OL247451A
OL10304254M,OL2736971A
OL27656959M,OL7745280A
OL9374247M,OL3244230A
OL9361927M,OL231611A
OL9714788M,OL3244230A
OL3305573M,OL1393178A
OL1703125M,OL233308A
OL3316426M,OL35046A
OL7731855M,OL3175986A
OL12285782M,OL3350762A
OL10532436M,OL2639467A
OL10280019M,OL359271A
OL11554660M,OL841125A
OL7948140M,OL35176A
OL4551768M,OL228384A
OL7650901M,OL395292A
OL7650901M,OL28805A
OL7650901M,OL2749347A
OL7339430M,OL223564A
OL7339430M,OL2650026A
OL10279500M,OL273593A
OL7784091M,OL26640A
OL10151479M,OL2678537A
OL7934682M,OL231611A
OL10334868M,OL2736971A
OL10075127M,OL29129A
OL10312595M,OL2736971A
OL10304346M,OL2736971A
OL10525002M,OL2789045A
OL10525002M,OL2789044A
OL20152678M,OL22105A
OL9943308M,OL35046A
OL9451765M,OL194188A
OL9944848M,OL35046A
OL10335552M,OL387378A
OL22782795M,OL528086A
OL10158203M,OL587866A
OL7834700M,OL2789045A
OL7834700M,OL2789044A
OL27224315M,OL26149A
OL12438437M,OL3907015A
OL358237M,OL224615A
OL12224654M,OL2736377A
OL7311472M,OL1231875A
OL10279430M,OL273593A
OL10469672M,OL3441725A
OL9103122M,OL22105A
OL23160188M,OL35046A
OL2061690M,OL35046A
OL8740682M,OL1458725A
OL687529M,OL228384A
OL10279010M,OL2738992A
OL25151916M,OL530933A
OL7339531M,OL2652003A
OL9514679M,OL405969A
OL10072815M,OL33811A
OL5190128M,OL530933A
OL9889204M,OL593667A
OL7296996M,OL20872A
OL7296996M,OL280385A
OL7860967M,OL2639467A
OL3429225M,OL32349A
OL8525335M,OL3004317A
OL11432715M,OL2881611A
OL7617093M,OL359271A
OL7617093M,OL769057A
OL7617093M,OL1295578A
OL10334541M,OL359271A
OL22554009M,OL29129A
OL10279616M,OL2738992A
OL10294502M,OL387378A
OL10151495M,OL2678537A
OL4744803M,OL403919A
OL3679123M,OL403919A
OL2722153M,OL528086A
OL10151520M,OL2678537A
OL8587374M,OL3031640A
OL22472508M,OL231611A
OL13229839M,OL2789044A
OL13229839M,OL2789045A
OL22406938M,OL228384A
OL3408231M,OL403919A
OL7396680M,OL22105A
OL10335851M,OL2736971A
OL10151504M,OL2678537A
OL7934642M,OL32964A
OL7934642M,OL1395819A
OL10295923M,OL3412313A
OL10295923M,OL3412314A
OL813272M,OL456763A
OL9965568M,OL224615A
OL9202527M,OL456209A
OL11013561M,OL3526147A
OL7270534M,OL35046A
OL7270534M,OL592498A
OL10525800M,OL2789044A
OL10525800M,OL2789045A
OL10333385M,OL359271A
OL7465688M,OL2068339A
OL20929055M,OL419256A
OL10279571M,OL2736971A
OL10151466M,OL2678537A
OL9641810M,OL3244230A
OL1568359M,OL25184A
OL10473264M,OL26640A
OL12770456M,OL4038802A
OL5072774M,OL2789045A
OL12285781M,OL3350762A
OL10336048M,OL2738992A
OL10335781M,OL2736971A
OL7580972M,OL411267A
OL7580972M,OL2726848A
OL7905442M,OL22105A
OL10311436M,OL2736971A
OL8037788M,OL2763919A
OL8037788M,OL2730853A
OL9202528M,OL456209A
OL10279309M,OL359271A
OL27508977M,OL7494802A
OL8899566M,OL3082823A
OL10279245M,OL273593A
OL24533063M,OL398751A
OL21178463M,OL35793A
OL9225148M,OL2626876A
OL9225148M,OL2626877A
OL10873688M,OL2779449A
OL803327M,OL20872A
OL7406566M,OL2669781A
OL7694024M,OL22105A
OL23142496M,OL403919A
OL6779740M,OL403919A
OL8165382M,OL2881652A
OL9774729M,OL2961318A
OL7934666M,OL35793A
OL7934666M,OL2298653A
OL7934666M,OL2669682A
OL7939741M,OL1958952A
OL10151470M,OL2678537A
OL4591195M,OL530933A
OL9424500M,OL2789045A
OL9424500M,OL2789044A
OL7331409M,OL222684A
OL10279360M,OL2738992A
OL10072813M,OL33811A
OL7302220M,OL58503A
OL17139124M,OL1916286A
OL4266394M,OL20872A
OL10873687M,OL2779449A
OL28308558M,OL7976671A
OL7406292M,OL35793A
OL7406292M,OL2298653A
OL7406292M,OL2669682A
OL11132817M,OL1974769A
OL21053483M,OL3244230A
OL4275928M,OL228384A
OL8155840M,OL841474A
OL8155840M,OL506800A
OL8666234M,OL2961318A
OL10308741M,OL359271A
OL7612493M,OL359271A
OL7612493M,OL769057A
OL7612493M,OL1295578A
OL10072810M,OL33811A
OL10147452M,OL3378631A
OL10147452M,OL536701A
OL10147452M,OL3378633A
OL8647940M,OL2024038A
OL11381044M,OL2226153A
OL10075129M,OL29129A
OL9939918M,OL35046A
OL8200635M,OL2892295A
OL9588127M,OL455303A
OL8164190M,OL2881440A
OL2874711M,OL403919A
OL8165384M,OL2881652A
OL13627098M,OL456763A
OL8079989M,OL1606720A
OL28013264M,OL6842967A
OL8860532M,OL2872073A
OL3403547M,OL455303A
OL7619254M,OL359271A
OL23697040M,OL359271A
OL123336M,OL82146A
OL2846436M,OL747749A
OL10151477M,OL2678537A
OL22781713M,OL528086A
OL5683518M,OL115823A
OL22720884M,OL4754510A
OL7268063M,OL2625832A
OL9563115M,OL2639467A
OL27083846M,OL7577964A
OL9575286M,OL621936A
OL10532698M,OL2639467A
OL27401324M,OL7660251A
OL10295464M,OL3412142A
OL10474263M,OL26640A
OL2037230M,OL20872A
OL3787974M,OL35046A
OL10335783M,OL2736971A
OL2862654M,OL587866A
OL18531442M,OL22105A
OL10334308M,OL273593A
OL9867002M,OL455303A
OL9939232M,OL35046A
OL7619834M,OL273593A
OL7619834M,OL202060A
OL9435084M,OL2789045A
OL9435084M,OL2789044A
OL3971743M,OL231611A
OL7343528M,OL1457496A
OL7343528M,OL405969A
OL3702187M,OL194922A
OL713039M,OL35046A
OL7407522M,OL231611A
OL7460606M,OL530933A
OL10532633M,OL2639467A
OL10072822M,OL33811A
OL9475218M,OL135574A
OL7614970M,OL359271A
OL1436116M,OL228384A
OL10298498M,OL874365A
OL10298498M,OL528086A
OL7303344M,OL194922A
OL10072799M,OL33811A
OL11088993M,OL3542573A
OL15534013M,OL456763A
OL8860242M,OL593667A
OL7615108M,OL273593A
OL7615108M,OL202060A
OL7785768M,OL395292A
OL783801M,OL32964A
OL10532858M,OL2639467A
OL2190219M,OL587866A
OL10458909M,OL231611A
OL13229844M,OL2789044A
OL13229844M,OL2789045A
OL22835874M,OL528086A
OL10461161M,OL2670291A
OL7821642M,OL530933A
OL7309036M,OL2625832A
OL8666309M,OL2961318A
OL10072812M,OL33811A
OL10332752M,OL359271A
OL7265933M,OL222684A
OL8067224M,OL2741910A
OL8670051M,OL135574A
OL12224658M,OL2736377A
OL22661665M,OL6450930A
OL4965856M,OL747749A
OL10335168M,OL2736971A
OL10279307M,OL359271A
OL10525784M,OL2789045A
OL10525784M,OL2789044A
OL10151461M,OL2678537A
OL18558404M,OL1761708A
OL21461629M,OL359271A
OL10280020M,OL359271A
OL24448650M,OL1388814A
OL10151522M,OL2678537A
OL10151474M,OL2678537A
OL11265462M,OL2892295A
OL7272927M,OL2628002A
OL15189391M,OL287566A
OL8735819M,OL2789045A
OL9847100M,OL231611A
OL7271020M,OL35046A
OL7271020M,OL719928A
OL7271020M,OL319965A
OL10147471M,OL1009536A
OL10147471M,OL536701A
OL27826727M,OL7456268A
OL7343534M,OL29129A
OL7612123M,OL2736449A
OL7612123M,OL2736450A
OL10475761M,OL35046A
OL9551436M,OL2872073A
OL10294600M,OL273593A
OL10474343M,OL26640A
OL10474586M,OL35046A
OL10333661M,OL2736971A
OL7614968M,OL359271A
OL22406211M,OL2668531A
OL9939169M,OL35046A
OL11524148M,OL3543116A
OL7835286M,OL2789045A
OL7835286M,OL2789044A
OL7860354M,OL2639467A
OL27651848M,OL6777652A
OL11265461M,OL2892295A
OL10074222M,OL29129A
OL9939231M,OL35046A
OL10279391M,OL273593A
OL7332451M,OL231611A
OL15287181M,OL2628508A
OL8165380M,OL2881652A
OL11047048M,OL2779256A
OL7408807M,OL1420818A
OL9720888M,OL2639467A
OL27699989M,OL28648A
OL7302787M,OL194922A
OL12224655M,OL2736377A
OL24849978M,OL5533053A
OL21179423M,OL1009536A
OL2546899M,OL1009536A
OL9944684M,OL2626876A
OL16361621M,OL1507136A
OL7934667M,OL35793A
OL7934667M,OL2298653A
OL7934667M,OL2669682A
OL28032755M,OL4754510A
OL11896809M,OL2789045A
OL11896809M,OL2789044A
OL9940641M,OL35046A
OL25562288M,OL6815485A
OL7784222M,OL26640A
OL10151490M,OL2678537A
OL7621824M,OL359271A
OL7621824M,OL769057A
OL7621824M,OL657906A
OL2459976M,OL22105A
OL9455450M,OL2738992A
OL7617096M,OL359271A
OL7617096M,OL769057A
OL7617096M,OL1295578A
OL4732622M,OL1348820A
OL9785185M,OL135574A
OL7336209M,OL2652734A
OL7336209M,OL446054A
OL7336209M,OL2649898A
OL22474583M,OL532539A
OL10525899M,OL2789045A
OL10279290M,OL2736971A
OL10168639M,OL32964A
OL10168639M,OL1395819A
OL10531971M,OL2639467A
OL7934665M,OL35793A
OL7934665M,OL2298653A
OL7934665M,OL2669682A
OL13299523M,OL2626369A
OL1089936M,OL273593A
OL5308163M,OL1802233A
OL10306523M,OL2736971A
OL7267945M,OL32349A
OL7383149M,OL194188A
OL10084213M,OL2652003A
OL8490272M,OL22105A
OL9967516M,OL587319A
OL9940644M,OL35046A
OL7784473M,OL26640A
OL7289109M,OL2628508A
OL9735629M,OL3244230A
OL22447050M,OL2668531A
OL14952106M,OL4501326A
OL9830285M,OL1458725A
OL17526513M,OL48302A
OL9453524M,OL2789045A
OL9453524M,OL2789044A
OL1273164M,OL22105A
OL3491263M,OL528086A
OL22783203M,OL359271A
OL1555450M,OL273593A
OL8735838M,OL2789045A
OL10072805M,OL33811A
OL12224660M,OL2736377A
OL8651654M,OL2872073A
OL18382935M,OL223564A
OL23140761M,OL35046A
OL7406990M,OL231611A
OL2530247M,OL359271A
OL7269636M,OL2626369A
OL9940648M,OL35046A
OL10460233M,OL2670291A
OL4727026M,OL528086A
OL10151451M,OL2678537A
OL23998730M,OL411267A
OL10147454M,OL3378631A
OL10147454M,OL536701A
OL10147454M,OL3378633A
OL13229837M,OL2789044A
OL13229837M,OL2789045A
OL10474264M,OL26640A
OL10081967M,OL2652003A
OL28487668M,OL5533053A
OL21445515M,OL359271A
OL5041950M,OL20872A
OL11896900M,OL2789045A
OL7272671M,OL35046A
OL6804857M,OL411267A
OL9521272M,OL3277400A
OL10279122M,OL2736971A
OL7334263M,OL222684A
OL23655618M,OL231611A
OL10683009M,OL23364A
OL11896899M,OL2789045A
OL9705947M,OL231611A
OL25537841M,OL7200886A
OL16538105M,OL2628508A
OL8333243M,OL1080883A
OL1712126M,OL231611A
OL3679317M,OL224615A
OL10151462M,OL2678537A
OL5191124M,OL1802233A
OL10072808M,OL33811A
OL10151499M,OL2678537A
OL9628001M,OL3298406A
OL8133343M,OL34221A
OL7650894M,OL2626877A
OL7650894M,OL2749343A
OL17996789M,OL35046A
OL10278977M,OL273593A
OL10072816M,OL33811A
OL7303343M,OL194922A
OL7333986M,OL203473A
OL7333986M,OL2648839A
OL7333986M,OL2650270A
OL7333986M,OL2651533A
OL24953422M,OL6968834A
OL3169101M,OL223564A
OL4270862M,OL580669A
OL10334151M,OL359271A
OL9742634M,OL231611A
OL9742634M,OL1681897A
OL7332625M,OL29129A
OL10335405M,OL2738992A
OL7694051M,OL22105A
OL9801648M,OL587319A
OL19460891M,OL841125A
OL7629420M,OL19716A
OL7834701M,OL2789045A
OL7834701M,OL2789044A
OL10345244M,OL2626877A
OL10345244M,OL2749343A
OL7615317M,OL359271A
OL7615317M,OL769057A
OL7615317M,OL1295578A
OL15571287M,OL141681A
OL2211631M,OL1009536A
OL14731909M,OL22105A
OL10333386M,OL359271A
OL821623M,OL224615A
OL10147455M,OL3378631A
OL10147455M,OL536701A
OL10147455M,OL3378633A
OL1874168M,OL29129A
OL8652863M,OL621936A
OL3426767M,OL35176A
OL10151468M,OL2678537A
OL9940459M,OL3350762A
OL18600646M,OL22105A
OL1849545M,OL580669A
OL9448722M,OL2822904A
OL19106290M,OL2668531A
OL12097027M,OL135574A
OL11276545M,OL580669A
OL22807415M,OL35046A
OL20263090M,OL26640A
OL10524511M,OL2789045A
OL12877733M,OL2628508A
OL1744272M,OL841125A
OL10151475M,OL2678537A
OL26837852M,OL6842967A
OL9674747M,OL26640A
OL22743664M,OL395292A
OL7962721M,OL2822904A
OL9583947M,OL135574A
OL9831340M,OL2639467A
OL10421473M,OL28805A
OL10421473M,OL3349356A
OL1851343M,OL32349A
OL22696684M,OL6475668A
OL7834688M,OL2789045A
OL7834688M,OL2789044A
OL9680912M,OL3073365A
OL8543824M,OL2789045A
OL8543824M,OL2789044A
OL8687362M,OL20999A
OL8687362M,OL20997A
OL4416747M,OL1009536A
OL7338114M,OL29129A
OL3188250M,OL449922A
OL10278665M,OL273593A
OL9636733M,OL3073365A
OL5041778M,OL359271A
OL10072821M,OL33811A
OL7334767M,OL2652003A
OL10151488M,OL2678537A
OL1577262M,OL224615A
OL7259880M,OL530933A
OL10278663M,OL273593A
OL8514371M,OL22105A
OL11209406M,OL34221A
OL8875203M,OL455303A
OL10279293M,OL273593A
OL11479055M,OL1458725A
OL10279518M,OL273593A
OL12798451M,OL22105A
OL27797316M,OL7663723A
OL11651010M,OL841474A
OL8821485M,OL1507136A
OL10078749M,OL223564A
OL1536461M,OL233308A
OL8932301M,OL22105A
OL8932301M,OL52837A
OL7330013M,OL587319A
OL10279095M,OL2736971A
OL8514370M,OL22105A
OL8068691M,OL2854077A
OL8068691M,OL2854078A
OL10092338M,OL29129A
OL2851792M,OL35046A
OL10072797M,OL33811A
OL11432713M,OL2881611A
OL10311961M,OL359271A
OL7621174M,OL2738992A
OL5982380M,OL769057A
OL7406499M,OL1009536A
OL7406499M,OL536701A
OL9298183M,OL587319A
OL7294738M,OL2633750A
OL10279517M,OL2736971A
OL22824916M,OL299888A
OL22318602M,OL2196249A
OL7651386M,OL35046A
OL7651386M,OL319965A
OL7621825M,OL769057A
OL7621825M,OL359271A
OL7621825M,OL657906A
OL21143776M,OL2628508A
OL27151117M,OL6691858A
OL2214377M,OL223564A
OL10166940M,OL2670291A
OL9661716M,OL48302A
OL7455177M,OL587866A
OL2859521M,OL29129A
OL2399402M,OL1076291A
OL22680290M,OL231611A
OL7708630M,OL2758324A
OL7784221M,OL26640A
OL10332226M,OL359271A
OL7640858M,OL19716A
OL10329475M,OL359271A
OL8471820M,OL135574A
OL7934609M,OL231611A
OL8471819M,OL22105A
OL3706314M,OL273593A
OL28247374M,OL29129A
OL1494051M,OL747749A
OL14949775M,OL2628508A
OL12205480M,OL2789045A
OL7338394M,OL222684A
OL10624379M,OL48302A
OL8108569M,OL537569A
OL22720936M,OL4754510A
OL11265460M,OL2892295A
OL7407453M,OL2670291A
OL3969544M,OL411267A
OL10147424M,OL3378620A
OL4714273M,OL580684A
OL9222776M,OL2625832A
OL8408070M,OL135574A
OL27037903M,OL7561000A
OL27037903M,OL7561001A
OL7339684M,OL299888A
OL7339684M,OL446054A
OL23086575M,OL1507136A
OL24116680M,OL222684A
OL10074598M,OL29129A
OL28444389M,OL7341385A
OL28444389M,OL3324435A
OL28444389M,OL4971352A
OL12211455M,OL3244230A
OL22210883M,OL22105A
OL702343M,OL403919A
OL2712751M,OL359271A
OL22705345M,OL35046A
